"","x"
"1","125-1.CSV"
"2","125-2.CSV"
"3","125-3.CSV"
"4","126-1.CSV"
"5","126-2.CSV"
"6","126-3.CSV"
"7","127-1.CSV"
"8","127-2.CSV"
"9","127-3.CSV"
"10","128-1.CSV"
"11","128-2.CSV"
"12","128-3.CSV"
"13","129-2.CSV"
"14","130-1.CSV"
"15","130-2.CSV"
"16","130-3.CSV"
"17","132-1.CSV"
"18","132-2.CSV"
"19","132-3.CSV"
"20","133-1.CSV"
"21","133-2.CSV"
"22","133-3.CSV"
"23","134-1.CSV"
"24","134-2.CSV"
"25","134-3.CSV"
"26","135-1.CSV"
"27","135-2.CSV"
"28","135-3.CSV"
"29","136-1.CSV"
"30","136-2.CSV"
"31","136-3.CSV"
"32","137-1.CSV"
"33","137-2.CSV"
"34","137-3.CSV"
"35","138-1.CSV"
"36","138-2.CSV"
"37","138-3.CSV"
"38","139-1.CSV"
"39","139-2.CSV"
"40","139-3.CSV"
"41","140-1.CSV"
"42","140-2.CSV"
"43","140-3.CSV"
"44","141-1.CSV"
"45","141-2.CSV"
"46","141-3.CSV"
"47","142-1.CSV"
"48","142-2.CSV"
"49","142-3.CSV"
"50","143-1.CSV"
"51","143-2.CSV"
"52","143-3.CSV"
"53","144-1.CSV"
"54","144-2.CSV"
"55","144-3.CSV"
"56","145-1.CSV"
"57","145-2.CSV"
"58","145-3.CSV"
"59","146-1.CSV"
"60","146-2.CSV"
"61","146-3.CSV"
"62","147-1.CSV"
"63","147-2.CSV"
"64","147-3.CSV"
"65","148-1.CSV"
"66","148-2.CSV"
"67","148-3.CSV"
"68","160-1.CSV"
"69","160-2.CSV"
"70","160-3.CSV"
"71","162-1.CSV"
"72","162-2.CSV"
"73","162-3.CSV"
"74","163-1.CSV"
"75","163-2.CSV"
"76","163-3.CSV"
"77","165-1.CSV"
"78","165-2.CSV"
"79","165-3.CSV"
"80","166-1.CSV"
"81","166-2.CSV"
"82","166-3.CSV"
"83","168-1.CSV"
"84","168-2.CSV"
"85","168-3.CSV"
"86","169-1.CSV"
"87","169-2.CSV"
"88","169-3.CSV"
"89","171-1.CSV"
"90","171-2.CSV"
"91","171-3.CSV"
"92","172-1.CSV"
"93","172-2.CSV"
"94","172-3.CSV"
"95","173-1.CSV"
"96","173-2.CSV"
"97","173-3.CSV"
"98","174-1.CSV"
"99","174-2.CSV"
"100","174-3.CSV"
"101","175-1.CSV"
"102","175-2.CSV"
"103","175-3.CSV"
"104","176-1.CSV"
"105","176-2.CSV"
"106","176-3.CSV"
"107","177-1.CSV"
"108","177-2.CSV"
"109","177-3.CSV"
"110","178-1.CSV"
"111","178-2.CSV"
"112","178-3.CSV"
"113","179-1.CSV"
"114","179-2.CSV"
"115","179-3.CSV"
"116","180-1.CSV"
"117","180-2.CSV"
"118","180-3.CSV"
"119","181-1.CSV"
"120","181-2.CSV"
"121","181-3.CSV"
"122","182-1.CSV"
"123","182-2.CSV"
"124","182-3.CSV"
"125","183-1.CSV"
"126","183-2.CSV"
"127","183-3.CSV"
"128","184-1.CSV"
"129","184-2.CSV"
"130","184-3.CSV"
"131","185-1.CSV"
"132","185-2.CSV"
"133","185-3.CSV"
"134","186-1.CSV"
"135","186-2.CSV"
"136","186-3.CSV"
"137","187-1.CSV"
"138","187-2.CSV"
"139","187-3.CSV"
"140","188-1.CSV"
"141","188-2.CSV"
"142","188-3.CSV"
"143","189-1.CSV"
"144","189-2.CSV"
"145","189-3.CSV"
"146","190-1.CSV"
"147","190-2.CSV"
"148","190-3.CSV"
"149","191-1.CSV"
"150","191-2.CSV"
"151","191-3.CSV"
"152","192-1.CSV"
"153","192-2.CSV"
"154","192-3.CSV"
"155","193-1.CSV"
"156","193-2.CSV"
"157","193-3.CSV"
"158","194-1.CSV"
"159","194-2.CSV"
"160","194-3.CSV"
"161","195-1.CSV"
"162","195-2.CSV"
"163","195-3.CSV"
"164","196-1.CSV"
"165","196-2.CSV"
"166","196-3.CSV"
"167","197-1.CSV"
"168","197-2.CSV"
"169","197-3.CSV"
"170","198-1.CSV"
"171","198-2.CSV"
"172","198-3.CSV"
"173","199-1.CSV"
"174","199-2.CSV"
"175","199-3.CSV"
"176","200-1.CSV"
"177","200-2.CSV"
"178","200-3.CSV"
"179","201-1.CSV"
"180","201-2.CSV"
"181","201-3.CSV"
"182","202-1.CSV"
"183","202-2.CSV"
"184","202-3.CSV"
"185","203-1.CSV"
"186","203-2.CSV"
"187","203-3.CSV"
"188","204-1.CSV"
"189","204-2.CSV"
"190","204-3.CSV"
"191","205-1.CSV"
"192","205-2.CSV"
"193","205-3.CSV"
"194","206-1.CSV"
"195","206-2.CSV"
"196","206-3.CSV"
"197","207-1.CSV"
"198","207-2.CSV"
"199","207-3.CSV"
"200","208-1.CSV"
"201","208-2.CSV"
"202","208-3.CSV"
"203","209-1.CSV"
"204","209-2.CSV"
"205","209-3.CSV"
"206","210-1.CSV"
"207","210-2.CSV"
"208","210-3.CSV"
"209","211-1.CSV"
"210","211-2.CSV"
"211","211-3.CSV"
"212","212-1.CSV"
"213","212-2.CSV"
"214","212-3.CSV"
"215","213-1.CSV"
"216","213-2.CSV"
"217","213-3.CSV"
"218","214-1.CSV"
"219","214-2.CSV"
"220","214-3.CSV"
"221","216-1.CSV"
"222","216-2.CSV"
"223","216-3.CSV"
"224","220-1.CSV"
"225","220-2.CSV"
"226","220-3.CSV"
"227","221-1.CSV"
"228","221-2.CSV"
"229","221-3.CSV"
"230","222-1.CSV"
"231","222-2.CSV"
"232","222-3.CSV"
"233","223-1.CSV"
"234","223-2.CSV"
"235","223-3.CSV"
"236","224-1.CSV"
"237","224-2.CSV"
"238","224-3.CSV"
"239","225-1.CSV"
"240","225-2.CSV"
"241","225-3.CSV"
"242","226-1.CSV"
"243","226-2.CSV"
"244","226-3.CSV"
"245","227-1.CSV"
"246","227-2.CSV"
"247","227-3.CSV"
"248","228-1.CSV"
"249","228-2.CSV"
"250","228-3.CSV"
"251","229-1.CSV"
"252","230-2.CSV"
"253","230-3.CSV"
"254","231-1.CSV"
"255","231-2.CSV"
"256","231-3.CSV"
"257","232-1.CSV"
"258","232-2.CSV"
"259","232-3.CSV"
"260","236-1.CSV"
"261","236-2.CSV"
"262","236-3.CSV"
"263","237-1.CSV"
"264","237-2.CSV"
"265","237-3.CSV"
"266","238-1.CSV"
"267","238-2.CSV"
"268","238-3.CSV"
"269","239-1.CSV"
"270","239-2.CSV"
"271","239-3.CSV"
"272","240-1.CSV"
"273","240-2.CSV"
"274","240-3.CSV"
"275","241-1.CSV"
"276","241-2.CSV"
"277","241-3.CSV"
"278","242-1.CSV"
"279","242-2.CSV"
"280","242-3.CSV"
"281","243-1.CSV"
"282","243-2.CSV"
"283","243-3.CSV"
"284","244-1.CSV"
"285","244-2.CSV"
"286","244-3.CSV"
